watchlist_group_name,watchlist_name,exchange_code,ticker
US Sector Samples,Basic Materials,XNYS,APD
US Sector Samples,Basic Materials,XNYS,SHW
US Sector Samples,Basic Materials,XNYS,FCX
US Sector Samples,Basic Materials,XNYS,SCCO
US Sector Samples,Basic Materials,XNYS,CTVA
US Sector Samples,Basic Materials,XNYS,ECL
US Sector Samples,Basic Materials,XNYS,NEM
US Sector Samples,Basic Materials,XNYS,DOW
US Sector Samples,Basic Materials,XNYS,NUE
US Sector Samples,Basic Materials,XNYS,DD
US Sector Samples,Basic Materials,XNYS,PPG
US Sector Samples,Basic Materials,XNYS,IFF
US Sector Samples,Basic Materials,XNYS,LYB
US Sector Samples,Basic Materials,XNYS,ALB
US Sector Samples,Basic Materials,XNYS,VMC
US Sector Samples,Basic Materials,XNYS,MLM
US Sector Samples,Basic Materials,XNAS,STLD
US Sector Samples,Basic Materials,XNYS,CF
US Sector Samples,Basic Materials,XNYS,FMC
US Sector Samples,Basic Materials,XNYS,MOS
US Sector Samples,Communication Services,XNAS,GOOG
US Sector Samples,Communication Services,XNAS,GOOGL
US Sector Samples,Communication Services,XNAS,META
US Sector Samples,Communication Services,XNAS,TMUS
US Sector Samples,Communication Services,XNYS,VZ
US Sector Samples,Communication Services,XNYS,DIS
US Sector Samples,Communication Services,XNAS,CMCSA
US Sector Samples,Communication Services,XNYS,T
US Sector Samples,Communication Services,XNAS,NFLX
US Sector Samples,Communication Services,XNAS,CHTR
US Sector Samples,Communication Services,XNAS,CHTR
US Sector Samples,Communication Services,XNAS,EA
US Sector Samples,Communication Services,XNAS,BATRK
US Sector Samples,Communication Services,XNAS,BATRA
US Sector Samples,Communication Services,XNAS,FWONK
US Sector Samples,Communication Services,XNAS,FWONA
US Sector Samples,Communication Services,XNAS,WBD
US Sector Samples,Communication Services,XNAS,SIRI
US Sector Samples,Consumer Discretionary,XNAS,AMZN
US Sector Samples,Consumer Discretionary,XNAS,TSLA
US Sector Samples,Consumer Discretionary,XNYS,HD
US Sector Samples,Consumer Discretionary,XNYS,MCD
US Sector Samples,Consumer Discretionary,XNYS,NKE
US Sector Samples,Consumer Discretionary,XNYS,LOW
US Sector Samples,Consumer Discretionary,XNAS,SBUX
US Sector Samples,Consumer Discretionary,XNYS,TJX
US Sector Samples,Consumer Discretionary,XNAS,BKNG
US Sector Samples,Consumer Discretionary,XNAS,ABNB
US Sector Samples,Consumer Discretionary,XNAS,ORLY
US Sector Samples,Consumer Discretionary,XNYS,GM
US Sector Samples,Consumer Discretionary,XNAS,MAR
US Sector Samples,Consumer Discretionary,XNYS,F
US Sector Samples,Consumer Discretionary,XNYS,AZO
US Sector Samples,Consumer Discretionary,XNAS,ROST
US Sector Samples,Consumer Discretionary,XNYS,CMG
US Sector Samples,Consumer Discretionary,XNYS,YUM
US Sector Samples,Consumer Discretionary,XNYS,LVS
US Sector Samples,Consumer Discretionary,XNYS,HLT
US Sector Samples,Consumer Staples,XNYS,WMT
US Sector Samples,Consumer Staples,XNYS,PG
US Sector Samples,Consumer Staples,XNYS,KO
US Sector Samples,Consumer Staples,XNAS,PEP
US Sector Samples,Consumer Staples,XNAS,COST
US Sector Samples,Consumer Staples,XNYS,PM
US Sector Samples,Consumer Staples,XNAS,MDLZ
US Sector Samples,Consumer Staples,XNYS,EL
US Sector Samples,Consumer Staples,XNYS,MO
US Sector Samples,Consumer Staples,XNYS,TGT
US Sector Samples,Consumer Staples,XNYS,CL
US Sector Samples,Consumer Staples,XNYS,DG
US Sector Samples,Consumer Staples,XNAS,MNST
US Sector Samples,Consumer Staples,XNAS,KDP
US Sector Samples,Consumer Staples,XNYS,ADM
US Sector Samples,Consumer Staples,XNAS,KHC
US Sector Samples,Consumer Staples,XNYS,GIS
US Sector Samples,Consumer Staples,XNYS,HSY
US Sector Samples,Consumer Staples,XNYS,KMB
US Sector Samples,Consumer Staples,XNYS,STZ
US Sector Samples,Energy,XNYS,XOM
US Sector Samples,Energy,XNYS,CVX
US Sector Samples,Energy,XNYS,COP
US Sector Samples,Energy,XNYS,EOG
US Sector Samples,Energy,XNYS,SLB
US Sector Samples,Energy,XNYS,OXY
US Sector Samples,Energy,XNYS,MPC
US Sector Samples,Energy,XNYS,EPD
US Sector Samples,Energy,XNYS,PSX
US Sector Samples,Energy,XNYS,VLO
US Sector Samples,Energy,XNYS,HES
US Sector Samples,Energy,XNYS,KMI
US Sector Samples,Energy,XNYS,WMB
US Sector Samples,Energy,XNYS,DVN
US Sector Samples,Energy,XNYS,LNG
US Sector Samples,Energy,XNYS,ET
US Sector Samples,Energy,XNYS,HAL
US Sector Samples,Energy,XNYS,MPLX
US Sector Samples,Energy,XNYS,OKE
US Sector Samples,Financial,XNYS,BRK.B
US Sector Samples,Financial,XNYS,BRK.A
US Sector Samples,Financial,XNYS,V
US Sector Samples,Financial,XNYS,JPM
US Sector Samples,Financial,XNYS,MA
US Sector Samples,Financial,XNYS,BAC
US Sector Samples,Financial,XNYS,WFC
US Sector Samples,Financial,XNYS,SCHW
US Sector Samples,Financial,XNYS,MS
US Sector Samples,Financial,XNYS,GS
US Sector Samples,Financial,XNYS,SPGI
US Sector Samples,Financial,XNYS,AXP
US Sector Samples,Financial,XNYS,BLK
US Sector Samples,Financial,XNYS,BA
US Sector Samples,Financial,XNYS,C
US Sector Samples,Financial,XNYS,MMC
US Sector Samples,Financial,XNAS,PYPL
US Sector Samples,Financial,XNYS,PGR
US Sector Samples,Financial,XNYS,USB
US Sector Samples,Financial,XNYS,PNC
US Sector Samples,Health Care,XNYS,UNH
US Sector Samples,Health Care,XNYS,JNJ
US Sector Samples,Health Care,XNYS,LLY
US Sector Samples,Health Care,XNYS,ABBV
US Sector Samples,Health Care,XNYS,PFE
US Sector Samples,Health Care,XNYS,MRK
US Sector Samples,Health Care,XNYS,TMO
US Sector Samples,Health Care,XNYS,DHR
US Sector Samples,Health Care,XNYS,ABT
US Sector Samples,Health Care,XNYS,BMY
US Sector Samples,Health Care,XNAS,AMGN
US Sector Samples,Health Care,XNYS,CVS
US Sector Samples,Health Care,XNYS,ELV
US Sector Samples,Health Care,XNAS,GILD
US Sector Samples,Health Care,XNYS,CI
US Sector Samples,Health Care,XNAS,ISRG
US Sector Samples,Health Care,XNYS,SYK
US Sector Samples,Health Care,XNAS,REGN
US Sector Samples,Health Care,XNAS,VRTX
US Sector Samples,Health Care,XNYS,BDX
US Sector Samples,Industrial,XNYS,UPS
US Sector Samples,Industrial,XNYS,RTX
US Sector Samples,Industrial,XNAS,HON
US Sector Samples,Industrial,XNYS,UNP
US Sector Samples,Industrial,XNYS,DE
US Sector Samples,Industrial,XNYS,LMT
US Sector Samples,Industrial,XNYS,CAT
US Sector Samples,Industrial,XNYS,BA
US Sector Samples,Industrial,XNAS,ADP
US Sector Samples,Industrial,XNYS,GE
US Sector Samples,Industrial,XNYS,NOC
US Sector Samples,Industrial,XNYS,GD
US Sector Samples,Industrial,XNYS,ITW
US Sector Samples,Industrial,XNYS,MMM
US Sector Samples,Industrial,XNAS,CSX
US Sector Samples,Industrial,XNYS,WM
US Sector Samples,Industrial,XNYS,NSC
US Sector Samples,Industrial,XNYS,EMR
US Sector Samples,Industrial,XNAS,ROP
US Sector Samples,Industrial,XNAS,CTAS
US Sector Samples,Real Estate,XNYS,PLD
US Sector Samples,Real Estate,XNYS,AMT
US Sector Samples,Real Estate,XNAS,EQIX
US Sector Samples,Real Estate,XNYS,CCI
US Sector Samples,Real Estate,XNYS,PSA
US Sector Samples,Real Estate,XNYS,SPG
US Sector Samples,Real Estate,XNYS,O
US Sector Samples,Real Estate,XNYS,VICI
US Sector Samples,Real Estate,XNAS,CSGP
US Sector Samples,Real Estate,XNYS,WELL
US Sector Samples,Real Estate,XNAS,SBAC
US Sector Samples,Real Estate,XNYS,DLR
US Sector Samples,Real Estate,XNYS,CBRE
US Sector Samples,Real Estate,XNYS,ARE
US Sector Samples,Real Estate,XNYS,WY
US Sector Samples,Real Estate,XNYS,AVB
US Sector Samples,Real Estate,XNYS,EQR
US Sector Samples,Real Estate,XNYS,EXR
US Sector Samples,Real Estate,XNYS,INVH
US Sector Samples,Real Estate,XNYS,VTR
US Sector Samples,Technology,XNAS,AAPL
US Sector Samples,Technology,XNAS,MSFT
US Sector Samples,Technology,XNAS,NVDA
US Sector Samples,Technology,XNAS,AVGO
US Sector Samples,Technology,XNYS,ORCL
US Sector Samples,Technology,XNAS,CSCO
US Sector Samples,Technology,XNAS,ADBE
US Sector Samples,Technology,XNAS,TXN
US Sector Samples,Technology,XNYS,CRM
US Sector Samples,Technology,XNYS,IBM
US Sector Samples,Technology,XNAS,QCOM
US Sector Samples,Technology,XNAS,INTU
US Sector Samples,Technology,XNAS,INTC
US Sector Samples,Technology,XNAS,AMD
US Sector Samples,Technology,XNAS,ADI
US Sector Samples,Technology,XNAS,AMAT
US Sector Samples,Technology,XNYS,NOW
US Sector Samples,Technology,XNYS,FI
US Sector Samples,Technology,XNAS,LRCX
US Sector Samples,Technology,XNAS,MU
US Sector Samples,Utilities,XNYS,NEE
US Sector Samples,Utilities,XNYS,DUK
US Sector Samples,Utilities,XNYS,SO
US Sector Samples,Utilities,XNYS,D
US Sector Samples,Utilities,XNYS,SRE
US Sector Samples,Utilities,XNAS,AEP
US Sector Samples,Utilities,XNAS,EXC
US Sector Samples,Utilities,XNYS,PCG
US Sector Samples,Utilities,XNAS,XEL
US Sector Samples,Utilities,XNYS,ED
US Sector Samples,Utilities,XNYS,PEG
US Sector Samples,Utilities,XNYS,WEC
US Sector Samples,Utilities,XNYS,ES
US Sector Samples,Utilities,XNAS,CEG
US Sector Samples,Utilities,XNYS,AWK
US Sector Samples,Utilities,XNYS,EIX
US Sector Samples,Utilities,XNYS,FE
US Sector Samples,Utilities,XNYS,ETR
US Sector Samples,Utilities,XNYS,AEE
Dashboard,USA Overview,ARCX,SPY
Dashboard,USA Overview,XNAS,QQQ
Dashboard,USA Overview,ARCX,IWM
Dashboard,USA Overview,ARCX,BITO
Dashboard,USA Overview,ARCX,GLD
Dashboard,USA Overview,ARCX,SLV
Dashboard,USA Overview,XNAS,TLT
Dashboard,USA Overview,BATS,VXX
Dashboard,AUS Overview,XASX,XGD
Dashboard,AUS Overview,XASX,XAO
Dashboard,AUS Overview,XASX,XJO
Dashboard,AUS Overview,XASX,XVI
Dashboard,USA Sector Overview,ARCX,XLI
Dashboard,USA Sector Overview,ARCX,XLB
Dashboard,USA Sector Overview,ARCX,XLRE
Dashboard,USA Sector Overview,ARCX,XLC
Dashboard,USA Sector Overview,ARCX,XLE
Dashboard,USA Sector Overview,ARCX,XLF
Dashboard,USA Sector Overview,ARCX,XLK
Dashboard,USA Sector Overview,ARCX,XLP
Dashboard,USA Sector Overview,ARCX,XLU
Dashboard,USA Sector Overview,ARCX,XLV
Dashboard,USA Sector Overview,ARCX,XLY
Dashboard,AUS Sector Overview,XASX,XDJ
Dashboard,AUS Sector Overview,XASX,XEJ
Dashboard,AUS Sector Overview,XASX,XFJ
Dashboard,AUS Sector Overview,XASX,XHJ
Dashboard,AUS Sector Overview,XASX,XIJ
Dashboard,AUS Sector Overview,XASX,XMJ
Dashboard,AUS Sector Overview,XASX,XNJ
Dashboard,AUS Sector Overview,XASX,XPJ
Dashboard,AUS Sector Overview,XASX,XSJ
Dashboard,AUS Sector Overview,XASX,XTJ
Dashboard,AUS Sector Overview,XASX,XUJ
Special Interest,US ETPs,ARCX,BITO
Special Interest,US ETPs,ARCX,EEM
Special Interest,US ETPs,ARCX,EFA
Special Interest,US ETPs,ARCX,EWZ
Special Interest,US ETPs,ARCX,FXI
Special Interest,US ETPs,ARCX,GDX
Special Interest,US ETPs,ARCX,GLD
Special Interest,US ETPs,ARCX,IWM
Special Interest,US ETPs,XNAS,QQQ
Special Interest,US ETPs,ARCX,SLV
Special Interest,US ETPs,XNAS,SMH
Special Interest,US ETPs,ARCX,SPY
Special Interest,US ETPs,XNAS,TLT
Special Interest,US ETPs,ARCX,TZA
Special Interest,US ETPs,BATS,VXX
Special Interest,US ETPs,ARCX,XLE
Special Interest,US ETPs,ARCX,XLF
Special Interest,US ETPs,ARCX,XLU
Stocks in Index,S&P 500 stocks,XNYS,A
Stocks in Index,S&P 500 stocks,XNAS,AAPL
Stocks in Index,S&P 500 stocks,XNYS,ABBV
Stocks in Index,S&P 500 stocks,XNAS,ABNB
Stocks in Index,S&P 500 stocks,XNYS,ABT
Stocks in Index,S&P 500 stocks,XNAS,ACGL
Stocks in Index,S&P 500 stocks,XNYS,ACN
Stocks in Index,S&P 500 stocks,XNAS,ADBE
Stocks in Index,S&P 500 stocks,XNAS,ADI
Stocks in Index,S&P 500 stocks,XNYS,ADM
Stocks in Index,S&P 500 stocks,XNAS,ADP
Stocks in Index,S&P 500 stocks,XNAS,ADSK
Stocks in Index,S&P 500 stocks,XNYS,AEE
Stocks in Index,S&P 500 stocks,XNAS,AEP
Stocks in Index,S&P 500 stocks,XNYS,AES
Stocks in Index,S&P 500 stocks,XNYS,AFL
Stocks in Index,S&P 500 stocks,XNYS,AIG
Stocks in Index,S&P 500 stocks,XNYS,AIZ
Stocks in Index,S&P 500 stocks,XNYS,AJG
Stocks in Index,S&P 500 stocks,XNAS,AKAM
Stocks in Index,S&P 500 stocks,XNYS,ALB
Stocks in Index,S&P 500 stocks,XNAS,ALGN
Stocks in Index,S&P 500 stocks,XNYS,ALL
Stocks in Index,S&P 500 stocks,XNYS,ALLE
Stocks in Index,S&P 500 stocks,XNAS,AMAT
Stocks in Index,S&P 500 stocks,XNYS,AMCR
Stocks in Index,S&P 500 stocks,XNAS,AMD
Stocks in Index,S&P 500 stocks,XNYS,AME
Stocks in Index,S&P 500 stocks,XNAS,AMGN
Stocks in Index,S&P 500 stocks,XNYS,AMP
Stocks in Index,S&P 500 stocks,XNYS,AMT
Stocks in Index,S&P 500 stocks,XNAS,AMZN
Stocks in Index,S&P 500 stocks,XNYS,ANET
Stocks in Index,S&P 500 stocks,XNAS,ANSS
Stocks in Index,S&P 500 stocks,XNYS,AON
Stocks in Index,S&P 500 stocks,XNYS,AOS
Stocks in Index,S&P 500 stocks,XNAS,APA
Stocks in Index,S&P 500 stocks,XNYS,APD
Stocks in Index,S&P 500 stocks,XNYS,APH
Stocks in Index,S&P 500 stocks,XNYS,APO
Stocks in Index,S&P 500 stocks,XNYS,APTV
Stocks in Index,S&P 500 stocks,XNYS,ARE
Stocks in Index,S&P 500 stocks,XNYS,ATO
Stocks in Index,S&P 500 stocks,XNYS,AVB
Stocks in Index,S&P 500 stocks,XNAS,AVGO
Stocks in Index,S&P 500 stocks,XNYS,AVY
Stocks in Index,S&P 500 stocks,XNYS,AWK
Stocks in Index,S&P 500 stocks,XNAS,AXON
Stocks in Index,S&P 500 stocks,XNYS,AXP
Stocks in Index,S&P 500 stocks,XNYS,AZO
Stocks in Index,S&P 500 stocks,XNYS,BA
Stocks in Index,S&P 500 stocks,XNYS,BAC
Stocks in Index,S&P 500 stocks,XNYS,BALL
Stocks in Index,S&P 500 stocks,XNYS,BAX
Stocks in Index,S&P 500 stocks,XNYS,BBY
Stocks in Index,S&P 500 stocks,XNYS,BDX
Stocks in Index,S&P 500 stocks,XNYS,BEN
Stocks in Index,S&P 500 stocks,XNYS,BF.B
Stocks in Index,S&P 500 stocks,XNYS,BG
Stocks in Index,S&P 500 stocks,XNAS,BIIB
Stocks in Index,S&P 500 stocks,XNYS,BK
Stocks in Index,S&P 500 stocks,XNAS,BKNG
Stocks in Index,S&P 500 stocks,XNAS,BKR
Stocks in Index,S&P 500 stocks,XNYS,BLDR
Stocks in Index,S&P 500 stocks,XNYS,BLK
Stocks in Index,S&P 500 stocks,XNYS,BMY
Stocks in Index,S&P 500 stocks,XNYS,BR
Stocks in Index,S&P 500 stocks,XNYS,BRK.B
Stocks in Index,S&P 500 stocks,XNYS,BRO
Stocks in Index,S&P 500 stocks,XNYS,BSX
Stocks in Index,S&P 500 stocks,XNYS,BX
Stocks in Index,S&P 500 stocks,XNYS,BXP
Stocks in Index,S&P 500 stocks,XNYS,C
Stocks in Index,S&P 500 stocks,XNYS,CAG
Stocks in Index,S&P 500 stocks,XNYS,CAH
Stocks in Index,S&P 500 stocks,XNYS,CARR
Stocks in Index,S&P 500 stocks,XNYS,CAT
Stocks in Index,S&P 500 stocks,XNYS,CB
Stocks in Index,S&P 500 stocks,BATS,CBOE
Stocks in Index,S&P 500 stocks,XNYS,CBRE
Stocks in Index,S&P 500 stocks,XNYS,CCI
Stocks in Index,S&P 500 stocks,XNYS,CCL
Stocks in Index,S&P 500 stocks,XNAS,CDNS
Stocks in Index,S&P 500 stocks,XNAS,CDW
Stocks in Index,S&P 500 stocks,XNAS,CEG
Stocks in Index,S&P 500 stocks,XNYS,CF
Stocks in Index,S&P 500 stocks,XNYS,CFG
Stocks in Index,S&P 500 stocks,XNYS,CHD
Stocks in Index,S&P 500 stocks,XNAS,CHRW
Stocks in Index,S&P 500 stocks,XNAS,CHTR
Stocks in Index,S&P 500 stocks,XNYS,CI
Stocks in Index,S&P 500 stocks,XNAS,CINF
Stocks in Index,S&P 500 stocks,XNYS,CL
Stocks in Index,S&P 500 stocks,XNYS,CLX
Stocks in Index,S&P 500 stocks,XNAS,CMCSA
Stocks in Index,S&P 500 stocks,XNAS,CME
Stocks in Index,S&P 500 stocks,XNYS,CMG
Stocks in Index,S&P 500 stocks,XNYS,CMI
Stocks in Index,S&P 500 stocks,XNYS,CMS
Stocks in Index,S&P 500 stocks,XNYS,CNC
Stocks in Index,S&P 500 stocks,XNYS,CNP
Stocks in Index,S&P 500 stocks,XNYS,COF
Stocks in Index,S&P 500 stocks,XNAS,COIN
Stocks in Index,S&P 500 stocks,XNAS,COO
Stocks in Index,S&P 500 stocks,XNYS,COP
Stocks in Index,S&P 500 stocks,XNYS,COR
Stocks in Index,S&P 500 stocks,XNAS,COST
Stocks in Index,S&P 500 stocks,XNYS,CPAY
Stocks in Index,S&P 500 stocks,XNAS,CPB
Stocks in Index,S&P 500 stocks,XNAS,CPRT
Stocks in Index,S&P 500 stocks,XNYS,CPT
Stocks in Index,S&P 500 stocks,XNYS,CRL
Stocks in Index,S&P 500 stocks,XNYS,CRM
Stocks in Index,S&P 500 stocks,XNAS,CRWD
Stocks in Index,S&P 500 stocks,XNAS,CSCO
Stocks in Index,S&P 500 stocks,XNAS,CSGP
Stocks in Index,S&P 500 stocks,XNAS,CSX
Stocks in Index,S&P 500 stocks,XNAS,CTAS
Stocks in Index,S&P 500 stocks,XNYS,CTRA
Stocks in Index,S&P 500 stocks,XNAS,CTSH
Stocks in Index,S&P 500 stocks,XNYS,CTVA
Stocks in Index,S&P 500 stocks,XNYS,CVS
Stocks in Index,S&P 500 stocks,XNYS,CVX
Stocks in Index,S&P 500 stocks,XNAS,CZR
Stocks in Index,S&P 500 stocks,XNYS,D
Stocks in Index,S&P 500 stocks,XNYS,DAL
Stocks in Index,S&P 500 stocks,XNAS,DASH
Stocks in Index,S&P 500 stocks,XNYS,DAY
Stocks in Index,S&P 500 stocks,XNYS,DD
Stocks in Index,S&P 500 stocks,XNYS,DE
Stocks in Index,S&P 500 stocks,XNYS,DECK
Stocks in Index,S&P 500 stocks,XNYS,DELL
Stocks in Index,S&P 500 stocks,XNYS,DG
Stocks in Index,S&P 500 stocks,XNYS,DGX
Stocks in Index,S&P 500 stocks,XNYS,DHI
Stocks in Index,S&P 500 stocks,XNYS,DHR
Stocks in Index,S&P 500 stocks,XNYS,DIS
Stocks in Index,S&P 500 stocks,XNYS,DLR
Stocks in Index,S&P 500 stocks,XNAS,DLTR
Stocks in Index,S&P 500 stocks,XNYS,DOC
Stocks in Index,S&P 500 stocks,XNYS,DOV
Stocks in Index,S&P 500 stocks,XNYS,DOW
Stocks in Index,S&P 500 stocks,XNYS,DPZ
Stocks in Index,S&P 500 stocks,XNYS,DRI
Stocks in Index,S&P 500 stocks,XNYS,DTE
Stocks in Index,S&P 500 stocks,XNYS,DUK
Stocks in Index,S&P 500 stocks,XNYS,DVA
Stocks in Index,S&P 500 stocks,XNYS,DVN
Stocks in Index,S&P 500 stocks,XNAS,DXCM
Stocks in Index,S&P 500 stocks,XNAS,EA
Stocks in Index,S&P 500 stocks,XNAS,EBAY
Stocks in Index,S&P 500 stocks,XNYS,ECL
Stocks in Index,S&P 500 stocks,XNYS,ED
Stocks in Index,S&P 500 stocks,XNYS,EFX
Stocks in Index,S&P 500 stocks,XNYS,EG
Stocks in Index,S&P 500 stocks,XNYS,EIX
Stocks in Index,S&P 500 stocks,XNYS,EL
Stocks in Index,S&P 500 stocks,XNYS,ELV
Stocks in Index,S&P 500 stocks,XNYS,EMN
Stocks in Index,S&P 500 stocks,XNYS,EMR
Stocks in Index,S&P 500 stocks,XNAS,ENPH
Stocks in Index,S&P 500 stocks,XNYS,EOG
Stocks in Index,S&P 500 stocks,XNYS,EPAM
Stocks in Index,S&P 500 stocks,XNAS,EQIX
Stocks in Index,S&P 500 stocks,XNYS,EQR
Stocks in Index,S&P 500 stocks,XNYS,EQT
Stocks in Index,S&P 500 stocks,XNAS,ERIE
Stocks in Index,S&P 500 stocks,XNYS,ES
Stocks in Index,S&P 500 stocks,XNYS,ESS
Stocks in Index,S&P 500 stocks,XNYS,ETN
Stocks in Index,S&P 500 stocks,XNYS,ETR
Stocks in Index,S&P 500 stocks,XNAS,EVRG
Stocks in Index,S&P 500 stocks,XNYS,EW
Stocks in Index,S&P 500 stocks,XNAS,EXC
Stocks in Index,S&P 500 stocks,XNAS,EXE
Stocks in Index,S&P 500 stocks,XNYS,EXPD
Stocks in Index,S&P 500 stocks,XNAS,EXPE
Stocks in Index,S&P 500 stocks,XNYS,EXR
Stocks in Index,S&P 500 stocks,XNYS,F
Stocks in Index,S&P 500 stocks,XNAS,FANG
Stocks in Index,S&P 500 stocks,XNAS,FAST
Stocks in Index,S&P 500 stocks,XNYS,FCX
Stocks in Index,S&P 500 stocks,XNYS,FDS
Stocks in Index,S&P 500 stocks,XNYS,FDX
Stocks in Index,S&P 500 stocks,XNYS,FE
Stocks in Index,S&P 500 stocks,XNAS,FFIV
Stocks in Index,S&P 500 stocks,XNYS,FI
Stocks in Index,S&P 500 stocks,XNYS,FICO
Stocks in Index,S&P 500 stocks,XNYS,FIS
Stocks in Index,S&P 500 stocks,XNAS,FITB
Stocks in Index,S&P 500 stocks,XNAS,FOX
Stocks in Index,S&P 500 stocks,XNAS,FOXA
Stocks in Index,S&P 500 stocks,XNYS,FRT
Stocks in Index,S&P 500 stocks,XNAS,FSLR
Stocks in Index,S&P 500 stocks,XNAS,FTNT
Stocks in Index,S&P 500 stocks,XNYS,FTV
Stocks in Index,S&P 500 stocks,XNYS,GD
Stocks in Index,S&P 500 stocks,XNYS,GDDY
Stocks in Index,S&P 500 stocks,XNYS,GE
Stocks in Index,S&P 500 stocks,XNAS,GEHC
Stocks in Index,S&P 500 stocks,XNAS,GEN
Stocks in Index,S&P 500 stocks,XNYS,GEV
Stocks in Index,S&P 500 stocks,XNAS,GILD
Stocks in Index,S&P 500 stocks,XNYS,GIS
Stocks in Index,S&P 500 stocks,XNYS,GL
Stocks in Index,S&P 500 stocks,XNYS,GLW
Stocks in Index,S&P 500 stocks,XNYS,GM
Stocks in Index,S&P 500 stocks,XNYS,GNRC
Stocks in Index,S&P 500 stocks,XNAS,GOOG
Stocks in Index,S&P 500 stocks,XNAS,GOOGL
Stocks in Index,S&P 500 stocks,XNYS,GPC
Stocks in Index,S&P 500 stocks,XNYS,GPN
Stocks in Index,S&P 500 stocks,XNYS,GRMN
Stocks in Index,S&P 500 stocks,XNYS,GS
Stocks in Index,S&P 500 stocks,XNYS,GWW
Stocks in Index,S&P 500 stocks,XNYS,HAL
Stocks in Index,S&P 500 stocks,XNAS,HAS
Stocks in Index,S&P 500 stocks,XNAS,HBAN
Stocks in Index,S&P 500 stocks,XNYS,HCA
Stocks in Index,S&P 500 stocks,XNYS,HD
Stocks in Index,S&P 500 stocks,XNYS,HES
Stocks in Index,S&P 500 stocks,XNYS,HIG
Stocks in Index,S&P 500 stocks,XNYS,HII
Stocks in Index,S&P 500 stocks,XNYS,HLT
Stocks in Index,S&P 500 stocks,XNAS,HOLX
Stocks in Index,S&P 500 stocks,XNAS,HON
Stocks in Index,S&P 500 stocks,XNYS,HPE
Stocks in Index,S&P 500 stocks,XNYS,HPQ
Stocks in Index,S&P 500 stocks,XNYS,HRL
Stocks in Index,S&P 500 stocks,XNAS,HSIC
Stocks in Index,S&P 500 stocks,XNAS,HST
Stocks in Index,S&P 500 stocks,XNYS,HSY
Stocks in Index,S&P 500 stocks,XNYS,HUBB
Stocks in Index,S&P 500 stocks,XNYS,HUM
Stocks in Index,S&P 500 stocks,XNYS,HWM
Stocks in Index,S&P 500 stocks,XNYS,IBM
Stocks in Index,S&P 500 stocks,XNYS,ICE
Stocks in Index,S&P 500 stocks,XNAS,IDXX
Stocks in Index,S&P 500 stocks,XNYS,IEX
Stocks in Index,S&P 500 stocks,XNYS,IFF
Stocks in Index,S&P 500 stocks,XNAS,INCY
Stocks in Index,S&P 500 stocks,XNAS,INTC
Stocks in Index,S&P 500 stocks,XNAS,INTU
Stocks in Index,S&P 500 stocks,XNYS,INVH
Stocks in Index,S&P 500 stocks,XNYS,IP
Stocks in Index,S&P 500 stocks,XNYS,IPG
Stocks in Index,S&P 500 stocks,XNYS,IQV
Stocks in Index,S&P 500 stocks,XNYS,IR
Stocks in Index,S&P 500 stocks,XNYS,IRM
Stocks in Index,S&P 500 stocks,XNAS,ISRG
Stocks in Index,S&P 500 stocks,XNYS,IT
Stocks in Index,S&P 500 stocks,XNYS,ITW
Stocks in Index,S&P 500 stocks,XNYS,IVZ
Stocks in Index,S&P 500 stocks,XNYS,J
Stocks in Index,S&P 500 stocks,XNAS,JBHT
Stocks in Index,S&P 500 stocks,XNYS,JBL
Stocks in Index,S&P 500 stocks,XNYS,JCI
Stocks in Index,S&P 500 stocks,XNAS,JKHY
Stocks in Index,S&P 500 stocks,XNYS,JNJ
Stocks in Index,S&P 500 stocks,XNYS,JNPR
Stocks in Index,S&P 500 stocks,XNYS,JPM
Stocks in Index,S&P 500 stocks,XNYS,K
Stocks in Index,S&P 500 stocks,XNAS,KDP
Stocks in Index,S&P 500 stocks,XNYS,KEY
Stocks in Index,S&P 500 stocks,XNYS,KEYS
Stocks in Index,S&P 500 stocks,XNAS,KHC
Stocks in Index,S&P 500 stocks,XNYS,KIM
Stocks in Index,S&P 500 stocks,XNYS,KKR
Stocks in Index,S&P 500 stocks,XNAS,KLAC
Stocks in Index,S&P 500 stocks,XNYS,KMB
Stocks in Index,S&P 500 stocks,XNYS,KMI
Stocks in Index,S&P 500 stocks,XNYS,KMX
Stocks in Index,S&P 500 stocks,XNYS,KO
Stocks in Index,S&P 500 stocks,XNYS,KR
Stocks in Index,S&P 500 stocks,XNYS,KVUE
Stocks in Index,S&P 500 stocks,XNYS,L
Stocks in Index,S&P 500 stocks,XNYS,LDOS
Stocks in Index,S&P 500 stocks,XNYS,LEN
Stocks in Index,S&P 500 stocks,XNYS,LH
Stocks in Index,S&P 500 stocks,XNYS,LHX
Stocks in Index,S&P 500 stocks,XNYS,LII
Stocks in Index,S&P 500 stocks,XNAS,LIN
Stocks in Index,S&P 500 stocks,XNAS,LKQ
Stocks in Index,S&P 500 stocks,XNYS,LLY
Stocks in Index,S&P 500 stocks,XNYS,LMT
Stocks in Index,S&P 500 stocks,XNAS,LNT
Stocks in Index,S&P 500 stocks,XNYS,LOW
Stocks in Index,S&P 500 stocks,XNAS,LRCX
Stocks in Index,S&P 500 stocks,XNAS,LULU
Stocks in Index,S&P 500 stocks,XNYS,LUV
Stocks in Index,S&P 500 stocks,XNYS,LVS
Stocks in Index,S&P 500 stocks,XNYS,LW
Stocks in Index,S&P 500 stocks,XNYS,LYB
Stocks in Index,S&P 500 stocks,XNYS,LYV
Stocks in Index,S&P 500 stocks,XNYS,MA
Stocks in Index,S&P 500 stocks,XNYS,MAA
Stocks in Index,S&P 500 stocks,XNAS,MAR
Stocks in Index,S&P 500 stocks,XNYS,MAS
Stocks in Index,S&P 500 stocks,XNYS,MCD
Stocks in Index,S&P 500 stocks,XNAS,MCHP
Stocks in Index,S&P 500 stocks,XNYS,MCK
Stocks in Index,S&P 500 stocks,XNYS,MCO
Stocks in Index,S&P 500 stocks,XNAS,MDLZ
Stocks in Index,S&P 500 stocks,XNYS,MDT
Stocks in Index,S&P 500 stocks,XNYS,MET
Stocks in Index,S&P 500 stocks,XNAS,META
Stocks in Index,S&P 500 stocks,XNYS,MGM
Stocks in Index,S&P 500 stocks,XNYS,MHK
Stocks in Index,S&P 500 stocks,XNYS,MKC
Stocks in Index,S&P 500 stocks,XNAS,MKTX
Stocks in Index,S&P 500 stocks,XNYS,MLM
Stocks in Index,S&P 500 stocks,XNYS,MMC
Stocks in Index,S&P 500 stocks,XNYS,MMM
Stocks in Index,S&P 500 stocks,XNAS,MNST
Stocks in Index,S&P 500 stocks,XNYS,MO
Stocks in Index,S&P 500 stocks,XNYS,MOH
Stocks in Index,S&P 500 stocks,XNYS,MOS
Stocks in Index,S&P 500 stocks,XNYS,MPC
Stocks in Index,S&P 500 stocks,XNAS,MPWR
Stocks in Index,S&P 500 stocks,XNYS,MRK
Stocks in Index,S&P 500 stocks,XNAS,MRNA
Stocks in Index,S&P 500 stocks,XNYS,MS
Stocks in Index,S&P 500 stocks,XNYS,MSCI
Stocks in Index,S&P 500 stocks,XNAS,MSFT
Stocks in Index,S&P 500 stocks,XNYS,MSI
Stocks in Index,S&P 500 stocks,XNYS,MTB
Stocks in Index,S&P 500 stocks,XNAS,MTCH
Stocks in Index,S&P 500 stocks,XNYS,MTD
Stocks in Index,S&P 500 stocks,XNAS,MU
Stocks in Index,S&P 500 stocks,XNYS,NCLH
Stocks in Index,S&P 500 stocks,XNAS,NDAQ
Stocks in Index,S&P 500 stocks,XNAS,NDSN
Stocks in Index,S&P 500 stocks,XNYS,NEE
Stocks in Index,S&P 500 stocks,XNYS,NEM
Stocks in Index,S&P 500 stocks,XNAS,NFLX
Stocks in Index,S&P 500 stocks,XNYS,NI
Stocks in Index,S&P 500 stocks,XNYS,NKE
Stocks in Index,S&P 500 stocks,XNYS,NOC
Stocks in Index,S&P 500 stocks,XNYS,NOW
Stocks in Index,S&P 500 stocks,XNYS,NRG
Stocks in Index,S&P 500 stocks,XNYS,NSC
Stocks in Index,S&P 500 stocks,XNAS,NTAP
Stocks in Index,S&P 500 stocks,XNAS,NTRS
Stocks in Index,S&P 500 stocks,XNYS,NUE
Stocks in Index,S&P 500 stocks,XNAS,NVDA
Stocks in Index,S&P 500 stocks,XNYS,NVR
Stocks in Index,S&P 500 stocks,XNAS,NWS
Stocks in Index,S&P 500 stocks,XNAS,NWSA
Stocks in Index,S&P 500 stocks,XNAS,NXPI
Stocks in Index,S&P 500 stocks,XNYS,O
Stocks in Index,S&P 500 stocks,XNAS,ODFL
Stocks in Index,S&P 500 stocks,XNYS,OKE
Stocks in Index,S&P 500 stocks,XNYS,OMC
Stocks in Index,S&P 500 stocks,XNAS,ON
Stocks in Index,S&P 500 stocks,XNYS,ORCL
Stocks in Index,S&P 500 stocks,XNAS,ORLY
Stocks in Index,S&P 500 stocks,XNYS,OTIS
Stocks in Index,S&P 500 stocks,XNYS,OXY
Stocks in Index,S&P 500 stocks,XNAS,PANW
Stocks in Index,S&P 500 stocks,XNAS,PARA
Stocks in Index,S&P 500 stocks,XNYS,PAYC
Stocks in Index,S&P 500 stocks,XNAS,PAYX
Stocks in Index,S&P 500 stocks,XNAS,PCAR
Stocks in Index,S&P 500 stocks,XNYS,PCG
Stocks in Index,S&P 500 stocks,XNYS,PEG
Stocks in Index,S&P 500 stocks,XNAS,PEP
Stocks in Index,S&P 500 stocks,XNYS,PFE
Stocks in Index,S&P 500 stocks,XNAS,PFG
Stocks in Index,S&P 500 stocks,XNYS,PG
Stocks in Index,S&P 500 stocks,XNYS,PGR
Stocks in Index,S&P 500 stocks,XNYS,PH
Stocks in Index,S&P 500 stocks,XNYS,PHM
Stocks in Index,S&P 500 stocks,XNYS,PKG
Stocks in Index,S&P 500 stocks,XNYS,PLD
Stocks in Index,S&P 500 stocks,XNAS,PLTR
Stocks in Index,S&P 500 stocks,XNYS,PM
Stocks in Index,S&P 500 stocks,XNYS,PNC
Stocks in Index,S&P 500 stocks,XNYS,PNR
Stocks in Index,S&P 500 stocks,XNYS,PNW
Stocks in Index,S&P 500 stocks,XNAS,PODD
Stocks in Index,S&P 500 stocks,XNAS,POOL
Stocks in Index,S&P 500 stocks,XNYS,PPG
Stocks in Index,S&P 500 stocks,XNYS,PPL
Stocks in Index,S&P 500 stocks,XNYS,PRU
Stocks in Index,S&P 500 stocks,XNYS,PSA
Stocks in Index,S&P 500 stocks,XNYS,PSX
Stocks in Index,S&P 500 stocks,XNAS,PTC
Stocks in Index,S&P 500 stocks,XNYS,PWR
Stocks in Index,S&P 500 stocks,XNAS,PYPL
Stocks in Index,S&P 500 stocks,XNAS,QCOM
Stocks in Index,S&P 500 stocks,XNYS,RCL
Stocks in Index,S&P 500 stocks,XNAS,REG
Stocks in Index,S&P 500 stocks,XNAS,REGN
Stocks in Index,S&P 500 stocks,XNYS,RF
Stocks in Index,S&P 500 stocks,XNYS,RJF
Stocks in Index,S&P 500 stocks,XNYS,RL
Stocks in Index,S&P 500 stocks,XNYS,RMD
Stocks in Index,S&P 500 stocks,XNYS,ROK
Stocks in Index,S&P 500 stocks,XNYS,ROL
Stocks in Index,S&P 500 stocks,XNAS,ROP
Stocks in Index,S&P 500 stocks,XNAS,ROST
Stocks in Index,S&P 500 stocks,XNYS,RSG
Stocks in Index,S&P 500 stocks,XNYS,RTX
Stocks in Index,S&P 500 stocks,XNYS,RVTY
Stocks in Index,S&P 500 stocks,XNAS,SBAC
Stocks in Index,S&P 500 stocks,XNAS,SBUX
Stocks in Index,S&P 500 stocks,XNYS,SCHW
Stocks in Index,S&P 500 stocks,XNYS,SHW
Stocks in Index,S&P 500 stocks,XNYS,SJM
Stocks in Index,S&P 500 stocks,XNYS,SLB
Stocks in Index,S&P 500 stocks,XNAS,SMCI
Stocks in Index,S&P 500 stocks,XNYS,SNA
Stocks in Index,S&P 500 stocks,XNAS,SNPS
Stocks in Index,S&P 500 stocks,XNYS,SO
Stocks in Index,S&P 500 stocks,XNYS,SOLV
Stocks in Index,S&P 500 stocks,XNYS,SPG
Stocks in Index,S&P 500 stocks,XNYS,SPGI
Stocks in Index,S&P 500 stocks,XNYS,SRE
Stocks in Index,S&P 500 stocks,XNYS,STE
Stocks in Index,S&P 500 stocks,XNAS,STLD
Stocks in Index,S&P 500 stocks,XNYS,STT
Stocks in Index,S&P 500 stocks,XNAS,STX
Stocks in Index,S&P 500 stocks,XNYS,STZ
Stocks in Index,S&P 500 stocks,XNYS,SW
Stocks in Index,S&P 500 stocks,XNYS,SWK
Stocks in Index,S&P 500 stocks,XNAS,SWKS
Stocks in Index,S&P 500 stocks,XNYS,SYF
Stocks in Index,S&P 500 stocks,XNYS,SYK
Stocks in Index,S&P 500 stocks,XNYS,SYY
Stocks in Index,S&P 500 stocks,XNYS,T
Stocks in Index,S&P 500 stocks,XNYS,TAP
Stocks in Index,S&P 500 stocks,XNYS,TDG
Stocks in Index,S&P 500 stocks,XNYS,TDY
Stocks in Index,S&P 500 stocks,XNAS,TECH
Stocks in Index,S&P 500 stocks,XNYS,TEL
Stocks in Index,S&P 500 stocks,XNAS,TER
Stocks in Index,S&P 500 stocks,XNYS,TFC
Stocks in Index,S&P 500 stocks,XNYS,TGT
Stocks in Index,S&P 500 stocks,XNYS,TJX
Stocks in Index,S&P 500 stocks,XNYS,TKO
Stocks in Index,S&P 500 stocks,XNYS,TMO
Stocks in Index,S&P 500 stocks,XNAS,TMUS
Stocks in Index,S&P 500 stocks,XNYS,TPL
Stocks in Index,S&P 500 stocks,XNYS,TPR
Stocks in Index,S&P 500 stocks,XNYS,TRGP
Stocks in Index,S&P 500 stocks,XNAS,TRMB
Stocks in Index,S&P 500 stocks,XNAS,TROW
Stocks in Index,S&P 500 stocks,XNYS,TRV
Stocks in Index,S&P 500 stocks,XNAS,TSCO
Stocks in Index,S&P 500 stocks,XNAS,TSLA
Stocks in Index,S&P 500 stocks,XNYS,TSN
Stocks in Index,S&P 500 stocks,XNYS,TT
Stocks in Index,S&P 500 stocks,XNAS,TTWO
Stocks in Index,S&P 500 stocks,XNAS,TXN
Stocks in Index,S&P 500 stocks,XNYS,TXT
Stocks in Index,S&P 500 stocks,XNYS,TYL
Stocks in Index,S&P 500 stocks,XNAS,UAL
Stocks in Index,S&P 500 stocks,XNYS,UBER
Stocks in Index,S&P 500 stocks,XNYS,UDR
Stocks in Index,S&P 500 stocks,XNYS,UHS
Stocks in Index,S&P 500 stocks,XNAS,ULTA
Stocks in Index,S&P 500 stocks,XNYS,UNH
Stocks in Index,S&P 500 stocks,XNYS,UNP
Stocks in Index,S&P 500 stocks,XNYS,UPS
Stocks in Index,S&P 500 stocks,XNYS,URI
Stocks in Index,S&P 500 stocks,XNYS,USB
Stocks in Index,S&P 500 stocks,XNYS,V
Stocks in Index,S&P 500 stocks,XNYS,VICI
Stocks in Index,S&P 500 stocks,XNYS,VLO
Stocks in Index,S&P 500 stocks,XNYS,VLTO
Stocks in Index,S&P 500 stocks,XNYS,VMC
Stocks in Index,S&P 500 stocks,XNAS,VRSK
Stocks in Index,S&P 500 stocks,XNAS,VRSN
Stocks in Index,S&P 500 stocks,XNAS,VRTX
Stocks in Index,S&P 500 stocks,XNYS,VST
Stocks in Index,S&P 500 stocks,XNYS,VTR
Stocks in Index,S&P 500 stocks,XNAS,VTRS
Stocks in Index,S&P 500 stocks,XNYS,VZ
Stocks in Index,S&P 500 stocks,XNYS,WAB
Stocks in Index,S&P 500 stocks,XNYS,WAT
Stocks in Index,S&P 500 stocks,XNAS,WBA
Stocks in Index,S&P 500 stocks,XNAS,WBD
Stocks in Index,S&P 500 stocks,XNAS,WDAY
Stocks in Index,S&P 500 stocks,XNAS,WDC
Stocks in Index,S&P 500 stocks,XNYS,WEC
Stocks in Index,S&P 500 stocks,XNYS,WELL
Stocks in Index,S&P 500 stocks,XNYS,WFC
Stocks in Index,S&P 500 stocks,XNYS,WM
Stocks in Index,S&P 500 stocks,XNYS,WMB
Stocks in Index,S&P 500 stocks,XNYS,WMT
Stocks in Index,S&P 500 stocks,XNYS,WRB
Stocks in Index,S&P 500 stocks,XNYS,WSM
Stocks in Index,S&P 500 stocks,XNYS,WST
Stocks in Index,S&P 500 stocks,XNAS,WTW
Stocks in Index,S&P 500 stocks,XNYS,WY
Stocks in Index,S&P 500 stocks,XNAS,WYNN
Stocks in Index,S&P 500 stocks,XNAS,XEL
Stocks in Index,S&P 500 stocks,XNYS,XOM
Stocks in Index,S&P 500 stocks,XNYS,XYL
Stocks in Index,S&P 500 stocks,XNYS,YUM
Stocks in Index,S&P 500 stocks,XNYS,ZBH
Stocks in Index,S&P 500 stocks,XNAS,ZBRA
Stocks in Index,S&P 500 stocks,XNYS,ZTS
Special Interest,Options to Download,XNYS,A
Special Interest,Options to Download,XNAS,AAPL
Special Interest,Options to Download,XNYS,ABBV
Special Interest,Options to Download,XNAS,ABNB
Special Interest,Options to Download,XNYS,ABT
Special Interest,Options to Download,XNAS,ACGL
Special Interest,Options to Download,XNYS,ACN
Special Interest,Options to Download,XNAS,ADBE
Special Interest,Options to Download,XNAS,ADI
Special Interest,Options to Download,XNYS,ADM
Special Interest,Options to Download,XNAS,ADP
Special Interest,Options to Download,XNAS,ADSK
Special Interest,Options to Download,XNYS,AEE
Special Interest,Options to Download,XNAS,AEP
Special Interest,Options to Download,XNYS,AES
Special Interest,Options to Download,XNYS,AFL
Special Interest,Options to Download,XNYS,AIG
Special Interest,Options to Download,XNYS,AIZ
Special Interest,Options to Download,XNYS,AJG
Special Interest,Options to Download,XNAS,AKAM
Special Interest,Options to Download,XNYS,ALB
Special Interest,Options to Download,XNAS,ALGN
Special Interest,Options to Download,XNYS,ALL
Special Interest,Options to Download,XNYS,ALLE
Special Interest,Options to Download,XNAS,AMAT
Special Interest,Options to Download,XNYS,AMCR
Special Interest,Options to Download,XNAS,AMD
Special Interest,Options to Download,XNYS,AME
Special Interest,Options to Download,XNAS,AMGN
Special Interest,Options to Download,XNYS,AMP
Special Interest,Options to Download,XNYS,AMT
Special Interest,Options to Download,XNAS,AMZN
Special Interest,Options to Download,XNYS,ANET
Special Interest,Options to Download,XNAS,ANSS
Special Interest,Options to Download,XNYS,AON
Special Interest,Options to Download,XNYS,AOS
Special Interest,Options to Download,XNAS,APA
Special Interest,Options to Download,XNYS,APD
Special Interest,Options to Download,XNYS,APH
Special Interest,Options to Download,XNYS,APO
Special Interest,Options to Download,XNAS,APP
Special Interest,Options to Download,XNYS,APTV
Special Interest,Options to Download,XNYS,ARE
Special Interest,Options to Download,XNYS,ATO
Special Interest,Options to Download,XNYS,AVB
Special Interest,Options to Download,XNAS,AVGO
Special Interest,Options to Download,XNYS,AVY
Special Interest,Options to Download,XNYS,AWK
Special Interest,Options to Download,XNAS,AXON
Special Interest,Options to Download,XNYS,AXP
Special Interest,Options to Download,XNYS,AZO
Special Interest,Options to Download,XNYS,BA
Special Interest,Options to Download,XNYS,BAC
Special Interest,Options to Download,XNYS,BALL
Special Interest,Options to Download,XNYS,BAX
Special Interest,Options to Download,XNYS,BBY
Special Interest,Options to Download,XNYS,BDX
Special Interest,Options to Download,XNYS,BEN
Special Interest,Options to Download,XNYS,BF.B
Special Interest,Options to Download,XNYS,BG
Special Interest,Options to Download,XNAS,BIIB
Special Interest,Options to Download,ARCX,BITO
Special Interest,Options to Download,XNYS,BK
Special Interest,Options to Download,XNAS,BKNG
Special Interest,Options to Download,XNAS,BKR
Special Interest,Options to Download,XNYS,BLDR
Special Interest,Options to Download,XNYS,BLK
Special Interest,Options to Download,XNYS,BMY
Special Interest,Options to Download,XNYS,BR
Special Interest,Options to Download,XNYS,BRK.B
Special Interest,Options to Download,XNYS,BRO
Special Interest,Options to Download,XNYS,BSX
Special Interest,Options to Download,XNYS,BX
Special Interest,Options to Download,XNYS,BXP
Special Interest,Options to Download,XNYS,C
Special Interest,Options to Download,XNYS,CAG
Special Interest,Options to Download,XNYS,CAH
Special Interest,Options to Download,XNYS,CARR
Special Interest,Options to Download,XNYS,CAT
Special Interest,Options to Download,XNYS,CAT
Special Interest,Options to Download,XNYS,CB
Special Interest,Options to Download,BATS,CBOE
Special Interest,Options to Download,XNYS,CBRE
Special Interest,Options to Download,XNAS,CCEP
Special Interest,Options to Download,XNYS,CCI
Special Interest,Options to Download,XNYS,CCL
Special Interest,Options to Download,XNAS,CDNS
Special Interest,Options to Download,XNAS,CDW
Special Interest,Options to Download,XNAS,CEG
Special Interest,Options to Download,XNYS,CF
Special Interest,Options to Download,XNYS,CFG
Special Interest,Options to Download,XNYS,CHD
Special Interest,Options to Download,XNAS,CHRW
Special Interest,Options to Download,XNAS,CHTR
Special Interest,Options to Download,XNYS,CI
Special Interest,Options to Download,XNAS,CINF
Special Interest,Options to Download,XNYS,CL
Special Interest,Options to Download,XNYS,CLX
Special Interest,Options to Download,XNAS,CMCSA
Special Interest,Options to Download,XNAS,CME
Special Interest,Options to Download,XNYS,CMG
Special Interest,Options to Download,XNYS,CMI
Special Interest,Options to Download,XNYS,CMS
Special Interest,Options to Download,XNYS,CNC
Special Interest,Options to Download,XNYS,CNP
Special Interest,Options to Download,XNYS,COF
Special Interest,Options to Download,XNAS,COIN
Special Interest,Options to Download,XNAS,COO
Special Interest,Options to Download,XNYS,COP
Special Interest,Options to Download,XNYS,COR
Special Interest,Options to Download,XNAS,COST
Special Interest,Options to Download,XNYS,CPAY
Special Interest,Options to Download,XNAS,CPB
Special Interest,Options to Download,XNAS,CPRT
Special Interest,Options to Download,XNYS,CPT
Special Interest,Options to Download,XNYS,CRL
Special Interest,Options to Download,XNYS,CRM
Special Interest,Options to Download,XNAS,CRWD
Special Interest,Options to Download,XNAS,CSCO
Special Interest,Options to Download,XNAS,CSGP
Special Interest,Options to Download,XNAS,CSX
Special Interest,Options to Download,XNAS,CTAS
Special Interest,Options to Download,XNYS,CTRA
Special Interest,Options to Download,XNAS,CTSH
Special Interest,Options to Download,XNYS,CTVA
Special Interest,Options to Download,XNYS,CVS
Special Interest,Options to Download,XNYS,CVX
Special Interest,Options to Download,XNAS,CZR
Special Interest,Options to Download,XNYS,D
Special Interest,Options to Download,XNYS,DAL
Special Interest,Options to Download,XNAS,DASH
Special Interest,Options to Download,XNYS,DAY
Special Interest,Options to Download,XNYS,DD
Special Interest,Options to Download,XNYS,DE
Special Interest,Options to Download,XNYS,DECK
Special Interest,Options to Download,XNYS,DELL
Special Interest,Options to Download,XNYS,DG
Special Interest,Options to Download,XNYS,DGX
Special Interest,Options to Download,XNYS,DHI
Special Interest,Options to Download,XNYS,DHR
Special Interest,Options to Download,XNYS,DIS
Special Interest,Options to Download,XNYS,DLR
Special Interest,Options to Download,XNAS,DLTR
Special Interest,Options to Download,XNYS,DOC
Special Interest,Options to Download,XNYS,DOV
Special Interest,Options to Download,XNYS,DOW
Special Interest,Options to Download,XNYS,DPZ
Special Interest,Options to Download,XNYS,DRI
Special Interest,Options to Download,XNYS,DTE
Special Interest,Options to Download,XNYS,DUK
Special Interest,Options to Download,XNYS,DVA
Special Interest,Options to Download,XNYS,DVN
Special Interest,Options to Download,XNAS,DXCM
Special Interest,Options to Download,XNAS,EA
Special Interest,Options to Download,XNAS,EBAY
Special Interest,Options to Download,XNYS,ECL
Special Interest,Options to Download,XNYS,ED
Special Interest,Options to Download,ARCX,EEM
Special Interest,Options to Download,ARCX,EFA
Special Interest,Options to Download,XNYS,EFX
Special Interest,Options to Download,XNYS,EG
Special Interest,Options to Download,XNYS,EIX
Special Interest,Options to Download,XNYS,EL
Special Interest,Options to Download,XNYS,ELV
Special Interest,Options to Download,XNYS,EMN
Special Interest,Options to Download,XNYS,EMR
Special Interest,Options to Download,XNAS,ENPH
Special Interest,Options to Download,XNYS,EOG
Special Interest,Options to Download,XNYS,EPAM
Special Interest,Options to Download,XNAS,EQIX
Special Interest,Options to Download,XNYS,EQR
Special Interest,Options to Download,XNYS,EQT
Special Interest,Options to Download,XNAS,ERIE
Special Interest,Options to Download,XNYS,ES
Special Interest,Options to Download,XNYS,ESS
Special Interest,Options to Download,XNYS,ETN
Special Interest,Options to Download,XNYS,ETR
Special Interest,Options to Download,XNAS,EVRG
Special Interest,Options to Download,XNYS,EW
Special Interest,Options to Download,ARCX,EWZ
Special Interest,Options to Download,XNAS,EXC
Special Interest,Options to Download,XNAS,EXE
Special Interest,Options to Download,XNYS,EXPD
Special Interest,Options to Download,XNAS,EXPE
Special Interest,Options to Download,XNYS,EXR
Special Interest,Options to Download,XNYS,F
Special Interest,Options to Download,XNAS,FANG
Special Interest,Options to Download,XNAS,FAST
Special Interest,Options to Download,XNYS,FCX
Special Interest,Options to Download,XNYS,FDS
Special Interest,Options to Download,XNYS,FDX
Special Interest,Options to Download,XNYS,FE
Special Interest,Options to Download,XNAS,FFIV
Special Interest,Options to Download,XNYS,FI
Special Interest,Options to Download,XNYS,FICO
Special Interest,Options to Download,XNYS,FIS
Special Interest,Options to Download,XNAS,FITB
Special Interest,Options to Download,XNAS,FOX
Special Interest,Options to Download,XNAS,FOXA
Special Interest,Options to Download,XNYS,FRT
Special Interest,Options to Download,XNAS,FSLR
Special Interest,Options to Download,XNAS,FTNT
Special Interest,Options to Download,XNYS,FTV
Special Interest,Options to Download,ARCX,FXI
Special Interest,Options to Download,XNYS,GD
Special Interest,Options to Download,XNYS,GDDY
Special Interest,Options to Download,ARCX,GDX
Special Interest,Options to Download,XNYS,GE
Special Interest,Options to Download,XNAS,GEHC
Special Interest,Options to Download,XNAS,GEN
Special Interest,Options to Download,XNYS,GEV
Special Interest,Options to Download,XNAS,GILD
Special Interest,Options to Download,XNYS,GIS
Special Interest,Options to Download,XNYS,GL
Special Interest,Options to Download,ARCX,GLD
Special Interest,Options to Download,XNYS,GLW
Special Interest,Options to Download,XNYS,GM
Special Interest,Options to Download,XNYS,GNRC
Special Interest,Options to Download,XNAS,GOOG
Special Interest,Options to Download,XNAS,GOOGL
Special Interest,Options to Download,XNYS,GPC
Special Interest,Options to Download,XNYS,GPN
Special Interest,Options to Download,XNYS,GRMN
Special Interest,Options to Download,XNYS,GS
Special Interest,Options to Download,XNYS,GWW
Special Interest,Options to Download,XNYS,HAL
Special Interest,Options to Download,XNAS,HAS
Special Interest,Options to Download,XNAS,HBAN
Special Interest,Options to Download,XNYS,HCA
Special Interest,Options to Download,XNYS,HD
Special Interest,Options to Download,XNYS,HES
Special Interest,Options to Download,XNYS,HIG
Special Interest,Options to Download,XNYS,HII
Special Interest,Options to Download,XNYS,HLT
Special Interest,Options to Download,XNAS,HOLX
Special Interest,Options to Download,XNAS,HON
Special Interest,Options to Download,XNYS,HPE
Special Interest,Options to Download,XNYS,HPQ
Special Interest,Options to Download,XNYS,HRL
Special Interest,Options to Download,XNAS,HSIC
Special Interest,Options to Download,XNAS,HST
Special Interest,Options to Download,XNYS,HSY
Special Interest,Options to Download,XNYS,HUBB
Special Interest,Options to Download,XNYS,HUM
Special Interest,Options to Download,XNYS,HWM
Special Interest,Options to Download,XNYS,IBM
Special Interest,Options to Download,XNYS,ICE
Special Interest,Options to Download,XNAS,IDXX
Special Interest,Options to Download,XNYS,IEX
Special Interest,Options to Download,XNYS,IFF
Special Interest,Options to Download,XNAS,INCY
Special Interest,Options to Download,XNAS,INTC
Special Interest,Options to Download,XNAS,INTU
Special Interest,Options to Download,XNYS,INVH
Special Interest,Options to Download,XNYS,IP
Special Interest,Options to Download,XNYS,IPG
Special Interest,Options to Download,XNYS,IQV
Special Interest,Options to Download,XNYS,IR
Special Interest,Options to Download,XNYS,IRM
Special Interest,Options to Download,XNAS,ISRG
Special Interest,Options to Download,XNYS,IT
Special Interest,Options to Download,XNYS,ITW
Special Interest,Options to Download,XNYS,IVZ
Special Interest,Options to Download,ARCX,IWM
Special Interest,Options to Download,XNYS,J
Special Interest,Options to Download,XNAS,JBHT
Special Interest,Options to Download,XNYS,JBL
Special Interest,Options to Download,XNYS,JCI
Special Interest,Options to Download,XNAS,JKHY
Special Interest,Options to Download,XNYS,JNJ
Special Interest,Options to Download,XNYS,JNPR
Special Interest,Options to Download,XNYS,JPM
Special Interest,Options to Download,XNYS,K
Special Interest,Options to Download,XNAS,KDP
Special Interest,Options to Download,XNYS,KEY
Special Interest,Options to Download,XNYS,KEYS
Special Interest,Options to Download,XNAS,KHC
Special Interest,Options to Download,XNYS,KIM
Special Interest,Options to Download,XNYS,KKR
Special Interest,Options to Download,XNAS,KLAC
Special Interest,Options to Download,XNYS,KMB
Special Interest,Options to Download,XNYS,KMI
Special Interest,Options to Download,XNYS,KMX
Special Interest,Options to Download,XNYS,KO
Special Interest,Options to Download,XNYS,KR
Special Interest,Options to Download,XNYS,KVUE
Special Interest,Options to Download,XNYS,L
Special Interest,Options to Download,XNYS,LDOS
Special Interest,Options to Download,XNYS,LEN
Special Interest,Options to Download,XNYS,LH
Special Interest,Options to Download,XNYS,LHX
Special Interest,Options to Download,XNYS,LII
Special Interest,Options to Download,XNAS,LIN
Special Interest,Options to Download,XNAS,LKQ
Special Interest,Options to Download,XNYS,LLY
Special Interest,Options to Download,XNYS,LMT
Special Interest,Options to Download,XNAS,LNT
Special Interest,Options to Download,XNYS,LOW
Special Interest,Options to Download,XNAS,LRCX
Special Interest,Options to Download,XNAS,LULU
Special Interest,Options to Download,XNYS,LUV
Special Interest,Options to Download,XNYS,LVS
Special Interest,Options to Download,XNYS,LW
Special Interest,Options to Download,XNYS,LYB
Special Interest,Options to Download,XNYS,LYV
Special Interest,Options to Download,XNYS,MA
Special Interest,Options to Download,XNYS,MAA
Special Interest,Options to Download,XNAS,MAR
Special Interest,Options to Download,XNYS,MAS
Special Interest,Options to Download,XNYS,MCD
Special Interest,Options to Download,XNAS,MCHP
Special Interest,Options to Download,XNYS,MCK
Special Interest,Options to Download,XNYS,MCO
Special Interest,Options to Download,XNAS,MDB
Special Interest,Options to Download,XNAS,MDLZ
Special Interest,Options to Download,XNYS,MDT
Special Interest,Options to Download,XNAS,MELI
Special Interest,Options to Download,XNYS,MET
Special Interest,Options to Download,XNAS,META
Special Interest,Options to Download,XNYS,MGM
Special Interest,Options to Download,XNYS,MHK
Special Interest,Options to Download,XNYS,MKC
Special Interest,Options to Download,XNAS,MKTX
Special Interest,Options to Download,XNYS,MLM
Special Interest,Options to Download,XNYS,MMC
Special Interest,Options to Download,XNYS,MMM
Special Interest,Options to Download,XNAS,MNST
Special Interest,Options to Download,XNYS,MO
Special Interest,Options to Download,XNYS,MOH
Special Interest,Options to Download,XNYS,MOS
Special Interest,Options to Download,XNYS,MPC
Special Interest,Options to Download,XNAS,MPWR
Special Interest,Options to Download,XNYS,MRK
Special Interest,Options to Download,XNAS,MRNA
Special Interest,Options to Download,XNAS,MRVL
Special Interest,Options to Download,XNYS,MS
Special Interest,Options to Download,XNYS,MSCI
Special Interest,Options to Download,XNAS,MSFT
Special Interest,Options to Download,XNYS,MSI
Special Interest,Options to Download,XNAS,MSTR
Special Interest,Options to Download,XNYS,MTB
Special Interest,Options to Download,XNAS,MTCH
Special Interest,Options to Download,XNYS,MTD
Special Interest,Options to Download,XNAS,MU
Special Interest,Options to Download,XNYS,NCLH
Special Interest,Options to Download,XNAS,NDAQ
Special Interest,Options to Download,XNAS,NDSN
Special Interest,Options to Download,XNYS,NEE
Special Interest,Options to Download,XNYS,NEM
Special Interest,Options to Download,XNAS,NFLX
Special Interest,Options to Download,XNYS,NI
Special Interest,Options to Download,XNYS,NKE
Special Interest,Options to Download,XNYS,NOC
Special Interest,Options to Download,XNYS,NOW
Special Interest,Options to Download,XNYS,NRG
Special Interest,Options to Download,XNYS,NSC
Special Interest,Options to Download,XNAS,NTAP
Special Interest,Options to Download,XNAS,NTRS
Special Interest,Options to Download,XNYS,NUE
Special Interest,Options to Download,XNAS,NVDA
Special Interest,Options to Download,XNYS,NVR
Special Interest,Options to Download,XNAS,NWS
Special Interest,Options to Download,XNAS,NWSA
Special Interest,Options to Download,XNAS,NXPI
Special Interest,Options to Download,XNYS,O
Special Interest,Options to Download,XNAS,ODFL
Special Interest,Options to Download,XNYS,OKE
Special Interest,Options to Download,XNYS,OMC
Special Interest,Options to Download,XNAS,ON
Special Interest,Options to Download,XNYS,ORCL
Special Interest,Options to Download,XNAS,ORLY
Special Interest,Options to Download,XNYS,OTIS
Special Interest,Options to Download,XNYS,OXY
Special Interest,Options to Download,XNAS,PANW
Special Interest,Options to Download,XNAS,PARA
Special Interest,Options to Download,XNYS,PAYC
Special Interest,Options to Download,XNAS,PAYX
Special Interest,Options to Download,XNAS,PCAR
Special Interest,Options to Download,XNYS,PCG
Special Interest,Options to Download,XNYS,PEG
Special Interest,Options to Download,XNAS,PEP
Special Interest,Options to Download,XNYS,PFE
Special Interest,Options to Download,XNAS,PFG
Special Interest,Options to Download,XNYS,PG
Special Interest,Options to Download,XNYS,PGR
Special Interest,Options to Download,XNYS,PH
Special Interest,Options to Download,XNYS,PHM
Special Interest,Options to Download,XNYS,PKG
Special Interest,Options to Download,XNYS,PLD
Special Interest,Options to Download,XNAS,PLTR
Special Interest,Options to Download,XNYS,PM
Special Interest,Options to Download,XNYS,PNC
Special Interest,Options to Download,XNYS,PNR
Special Interest,Options to Download,XNYS,PNW
Special Interest,Options to Download,XNAS,PODD
Special Interest,Options to Download,XNAS,POOL
Special Interest,Options to Download,XNYS,PPG
Special Interest,Options to Download,XNYS,PPL
Special Interest,Options to Download,XNYS,PRU
Special Interest,Options to Download,XNYS,PSA
Special Interest,Options to Download,XNYS,PSX
Special Interest,Options to Download,XNAS,PTC
Special Interest,Options to Download,XNYS,PWR
Special Interest,Options to Download,XNAS,PYPL
Special Interest,Options to Download,XNAS,QCOM
Special Interest,Options to Download,XNAS,QQQ
Special Interest,Options to Download,XNYS,RCL
Special Interest,Options to Download,XNAS,REG
Special Interest,Options to Download,XNAS,REGN
Special Interest,Options to Download,XNYS,RF
Special Interest,Options to Download,XNYS,RJF
Special Interest,Options to Download,XNYS,RL
Special Interest,Options to Download,XNYS,RMD
Special Interest,Options to Download,XNYS,ROK
Special Interest,Options to Download,XNYS,ROL
Special Interest,Options to Download,XNAS,ROP
Special Interest,Options to Download,XNAS,ROST
Special Interest,Options to Download,XNYS,RSG
Special Interest,Options to Download,XNYS,RTX
Special Interest,Options to Download,XNYS,RVTY
Special Interest,Options to Download,XNAS,SBAC
Special Interest,Options to Download,XNAS,SBUX
Special Interest,Options to Download,XNYS,SCHW
Special Interest,Options to Download,XNYS,SHW
Special Interest,Options to Download,XNYS,SJM
Special Interest,Options to Download,XNYS,SLB
Special Interest,Options to Download,ARCX,SLV
Special Interest,Options to Download,XNAS,SMCI
Special Interest,Options to Download,XNAS,SMH
Special Interest,Options to Download,XNYS,SNA
Special Interest,Options to Download,XNAS,SNPS
Special Interest,Options to Download,XNYS,SO
Special Interest,Options to Download,XNYS,SOLV
Special Interest,Options to Download,XNYS,SPG
Special Interest,Options to Download,XNYS,SPGI
Special Interest,Options to Download,ARCX,SPY
Special Interest,Options to Download,XNYS,SRE
Special Interest,Options to Download,XNYS,STE
Special Interest,Options to Download,XNAS,STLD
Special Interest,Options to Download,XNYS,STT
Special Interest,Options to Download,XNAS,STX
Special Interest,Options to Download,XNYS,STZ
Special Interest,Options to Download,XNYS,SW
Special Interest,Options to Download,XNYS,SWK
Special Interest,Options to Download,XNAS,SWKS
Special Interest,Options to Download,XNYS,SYF
Special Interest,Options to Download,XNYS,SYK
Special Interest,Options to Download,XNYS,SYY
Special Interest,Options to Download,XNYS,T
Special Interest,Options to Download,XNYS,TAP
Special Interest,Options to Download,XNYS,TDG
Special Interest,Options to Download,XNYS,TDY
Special Interest,Options to Download,XNAS,TEAM
Special Interest,Options to Download,XNAS,TECH
Special Interest,Options to Download,XNYS,TEL
Special Interest,Options to Download,XNAS,TER
Special Interest,Options to Download,XNYS,TFC
Special Interest,Options to Download,XNYS,TGT
Special Interest,Options to Download,XNYS,TJX
Special Interest,Options to Download,XNYS,TKO
Special Interest,Options to Download,XNAS,TLT
Special Interest,Options to Download,XNYS,TMO
Special Interest,Options to Download,XNAS,TMUS
Special Interest,Options to Download,XNYS,TPL
Special Interest,Options to Download,XNYS,TPR
Special Interest,Options to Download,XNYS,TRGP
Special Interest,Options to Download,XNAS,TRMB
Special Interest,Options to Download,XNAS,TROW
Special Interest,Options to Download,XNYS,TRV
Special Interest,Options to Download,XNAS,TSCO
Special Interest,Options to Download,XNAS,TSLA
Special Interest,Options to Download,XNYS,TSN
Special Interest,Options to Download,XNYS,TT
Special Interest,Options to Download,XNAS,TTD
Special Interest,Options to Download,XNAS,TTWO
Special Interest,Options to Download,XNAS,TXN
Special Interest,Options to Download,XNYS,TXT
Special Interest,Options to Download,XNYS,TYL
Special Interest,Options to Download,ARCX,TZA
Special Interest,Options to Download,XNAS,UAL
Special Interest,Options to Download,XNYS,UBER
Special Interest,Options to Download,XNYS,UDR
Special Interest,Options to Download,XNYS,UHS
Special Interest,Options to Download,XNAS,ULTA
Special Interest,Options to Download,XNYS,UNH
Special Interest,Options to Download,XNYS,UNP
Special Interest,Options to Download,XNYS,UPS
Special Interest,Options to Download,XNYS,URI
Special Interest,Options to Download,XNYS,USB
Special Interest,Options to Download,XNYS,V
Special Interest,Options to Download,XNYS,VICI
Special Interest,Options to Download,XNYS,VLO
Special Interest,Options to Download,XNYS,VLTO
Special Interest,Options to Download,XNYS,VMC
Special Interest,Options to Download,XNAS,VRSK
Special Interest,Options to Download,XNAS,VRSN
Special Interest,Options to Download,XNAS,VRTX
Special Interest,Options to Download,XNYS,VST
Special Interest,Options to Download,XNYS,VTR
Special Interest,Options to Download,XNAS,VTRS
Special Interest,Options to Download,BATS,VXX
Special Interest,Options to Download,XNYS,VZ
Special Interest,Options to Download,XNYS,WAB
Special Interest,Options to Download,XNYS,WAT
Special Interest,Options to Download,XNAS,WBA
Special Interest,Options to Download,XNAS,WBD
Special Interest,Options to Download,XNAS,WDAY
Special Interest,Options to Download,XNAS,WDC
Special Interest,Options to Download,XNYS,WEC
Special Interest,Options to Download,XNYS,WELL
Special Interest,Options to Download,XNYS,WFC
Special Interest,Options to Download,XNYS,WM
Special Interest,Options to Download,XNYS,WMB
Special Interest,Options to Download,XNYS,WMT
Special Interest,Options to Download,XNYS,WRB
Special Interest,Options to Download,XNYS,WSM
Special Interest,Options to Download,XNYS,WST
Special Interest,Options to Download,XNAS,WTW
Special Interest,Options to Download,XNYS,WY
Special Interest,Options to Download,XNAS,WYNN
Special Interest,Options to Download,XNAS,XEL
Special Interest,Options to Download,ARCX,XLE
Special Interest,Options to Download,ARCX,XLF
Special Interest,Options to Download,ARCX,XLU
Special Interest,Options to Download,XNYS,XOM
Special Interest,Options to Download,XNYS,XYL
Special Interest,Options to Download,XNYS,YUM
Special Interest,Options to Download,XNYS,ZBH
Special Interest,Options to Download,XNAS,ZBRA
Special Interest,Options to Download,XNYS,ZTS
Special Interest,Options to Download,XNAS,DDOG
Special Interest,Options to Download,XNAS,GFS
Special Interest,Options to Download,XNAS,ZS
Special Interest,Options to Download,XASX,AORD
Special Interest,Options to Download,XASX,AXTO
Special Interest,Options to Download,XASX,ATLI
Special Interest,Options to Download,XASX,XNV
Special Interest,Options to Download,XASX,XLD
Special Interest,Options to Download,XASX,XPJ
Special Interest,Options to Download,XASX,XBK
Special Interest,Options to Download,XASX,XBN
Special Interest,Options to Download,XASX,XBT
Special Interest,Options to Download,XASX,XTJ
Special Interest,Options to Download,XASX,XDJ
Special Interest,Options to Download,XASX,XSJ
Special Interest,Options to Download,XASX,XNI
Special Interest,Options to Download,XASX,XRI
Special Interest,Options to Download,XASX,XET
Special Interest,Options to Download,XASX,AXEJ
Special Interest,Options to Download,XASX,XEW
Special Interest,Options to Download,XASX,XJM
Special Interest,Options to Download,XASX,XJS
Special Interest,Options to Download,XASX,XFJ
Special Interest,Options to Download,XASX,XXJ
Special Interest,Options to Download,XASX,XFR
Special Interest,Options to Download,XASX,XFE
Special Interest,Options to Download,XASX,XFN
Special Interest,Options to Download,XASX,XJT
Special Interest,Options to Download,XASX,XHJ
Special Interest,Options to Download,XASX,AXJO
Special Interest,Options to Download,XASX,AXNJ
Special Interest,Options to Download,XASX,XIJ
Special Interest,Options to Download,XASX,AXMJ
Special Interest,Options to Download,XASX,XNT
Special Interest,Options to Download,XASX,XRE
Special Interest,Options to Download,XASX,XIN
Special Interest,Options to Download,XASX,XJR
Special Interest,Options to Download,XASX,XUJ
Special Interest,Options to Download,XASX,XVI
Special Interest,Options to Download,XASX,AXKO
Special Interest,Options to Download,XASX,AXMM
Special Interest,Options to Download,XASX,XSY
Special Interest,Options to Download,XASX,AFLI
Special Interest,Options to Download,XASX,XAG
Special Interest,Options to Download,XASX,AXAT
Special Interest,Options to Download,XASX,AXAF
Special Interest,Options to Download,XASX,AXGD
Special Interest,Options to Download,XASX,XTX
Special Interest,Options to Download,XASX,XBW
Special Interest,Options to Download,XASX,XDI
Special Interest,Options to Download,XASX,XEC
Special Interest,Options to Download,XASX,AXSO
Special Interest,Options to Download,XASX,XAE
Special Interest,Options to Download,XASX,YFDI
Special Interest,Options to Download,XASX,AXMD
Special Interest,Options to Download,TSX,GSPTSE
Special Interest,Options to Download,TSX,SPTSES
Special Interest,Options to Download,TSX,SPCDNX
Special Interest,Options to Download,TSX,SPTSEM
Special Interest,Options to Download,TSX,SPTSE
Special Interest,Options to Download,XNYS,SPX
Special Interest,Options to Download,XNYS,DJI
Special Interest,Options to Download,XNAS,NDX
Special Interest,Options to Download,XNAS,IXIC
Special Interest,Options to Download,XNYS,RUT
Special Interest,Options to Download,XNYS,DJT
Special Interest,Options to Download,XNYS,DJU
Special Interest,Options to Download,XNYS,DJA
Special Interest,Options to Download,XNYS,XAX
Special Interest,Options to Download,XNYS,OEX
Special Interest,Options to Download,XCBO,VIX
Special Interest,Options to Download,FWB,GDAXI
Stocks in Index,NASDAQ 100 stocks,XNAS,AAPL
Stocks in Index,NASDAQ 100 stocks,XNAS,ABNB
Stocks in Index,NASDAQ 100 stocks,XNAS,ADBE
Stocks in Index,NASDAQ 100 stocks,XNAS,ADI
Stocks in Index,NASDAQ 100 stocks,XNAS,ADP
Stocks in Index,NASDAQ 100 stocks,XNAS,ADSK
Stocks in Index,NASDAQ 100 stocks,XNAS,AEP
Stocks in Index,NASDAQ 100 stocks,XNAS,AMAT
Stocks in Index,NASDAQ 100 stocks,XNAS,AMD
Stocks in Index,NASDAQ 100 stocks,XNAS,AMGN
Stocks in Index,NASDAQ 100 stocks,XNAS,AMZN
Stocks in Index,NASDAQ 100 stocks,XNAS,ANSS
Stocks in Index,NASDAQ 100 stocks,XNAS,APP
Stocks in Index,NASDAQ 100 stocks,XNAS,AVGO
Stocks in Index,NASDAQ 100 stocks,XNAS,AXON
Stocks in Index,NASDAQ 100 stocks,XNAS,BIIB
Stocks in Index,NASDAQ 100 stocks,XNAS,BKNG
Stocks in Index,NASDAQ 100 stocks,XNAS,BKR
Stocks in Index,NASDAQ 100 stocks,XNAS,CCEP
Stocks in Index,NASDAQ 100 stocks,XNAS,CDNS
Stocks in Index,NASDAQ 100 stocks,XNAS,CDW
Stocks in Index,NASDAQ 100 stocks,XNAS,CEG
Stocks in Index,NASDAQ 100 stocks,XNAS,CHTR
Stocks in Index,NASDAQ 100 stocks,XNAS,CMCSA
Stocks in Index,NASDAQ 100 stocks,XNAS,COST
Stocks in Index,NASDAQ 100 stocks,XNAS,CPRT
Stocks in Index,NASDAQ 100 stocks,XNAS,CRWD
Stocks in Index,NASDAQ 100 stocks,XNAS,CSCO
Stocks in Index,NASDAQ 100 stocks,XNAS,CSGP
Stocks in Index,NASDAQ 100 stocks,XNAS,CSX
Stocks in Index,NASDAQ 100 stocks,XNAS,CTAS
Stocks in Index,NASDAQ 100 stocks,XNAS,CTSH
Stocks in Index,NASDAQ 100 stocks,XNAS,DASH
Stocks in Index,NASDAQ 100 stocks,XNAS,DDOG
Stocks in Index,NASDAQ 100 stocks,XNAS,DXCM
Stocks in Index,NASDAQ 100 stocks,XNAS,EA
Stocks in Index,NASDAQ 100 stocks,XNAS,EXC
Stocks in Index,NASDAQ 100 stocks,XNAS,FANG
Stocks in Index,NASDAQ 100 stocks,XNAS,FAST
Stocks in Index,NASDAQ 100 stocks,XNAS,FTNT
Stocks in Index,NASDAQ 100 stocks,XNAS,GEHC
Stocks in Index,NASDAQ 100 stocks,XNAS,GFS
Stocks in Index,NASDAQ 100 stocks,XNAS,GILD
Stocks in Index,NASDAQ 100 stocks,XNAS,GOOG
Stocks in Index,NASDAQ 100 stocks,XNAS,GOOGL
Stocks in Index,NASDAQ 100 stocks,XNAS,HON
Stocks in Index,NASDAQ 100 stocks,XNAS,IDXX
Stocks in Index,NASDAQ 100 stocks,XNAS,INTC
Stocks in Index,NASDAQ 100 stocks,XNAS,INTU
Stocks in Index,NASDAQ 100 stocks,XNAS,ISRG
Stocks in Index,NASDAQ 100 stocks,XNAS,KDP
Stocks in Index,NASDAQ 100 stocks,XNAS,KHC
Stocks in Index,NASDAQ 100 stocks,XNAS,KLAC
Stocks in Index,NASDAQ 100 stocks,XNAS,LIN
Stocks in Index,NASDAQ 100 stocks,XNAS,LRCX
Stocks in Index,NASDAQ 100 stocks,XNAS,LULU
Stocks in Index,NASDAQ 100 stocks,XNAS,MAR
Stocks in Index,NASDAQ 100 stocks,XNAS,MCHP
Stocks in Index,NASDAQ 100 stocks,XNAS,MDB
Stocks in Index,NASDAQ 100 stocks,XNAS,MDLZ
Stocks in Index,NASDAQ 100 stocks,XNAS,MELI
Stocks in Index,NASDAQ 100 stocks,XNAS,META
Stocks in Index,NASDAQ 100 stocks,XNAS,MNST
Stocks in Index,NASDAQ 100 stocks,XNAS,MRVL
Stocks in Index,NASDAQ 100 stocks,XNAS,MSFT
Stocks in Index,NASDAQ 100 stocks,XNAS,MSTR
Stocks in Index,NASDAQ 100 stocks,XNAS,MU
Stocks in Index,NASDAQ 100 stocks,XNAS,NFLX
Stocks in Index,NASDAQ 100 stocks,XNAS,NVDA
Stocks in Index,NASDAQ 100 stocks,XNAS,NXPI
Stocks in Index,NASDAQ 100 stocks,XNAS,ODFL
Stocks in Index,NASDAQ 100 stocks,XNAS,ON
Stocks in Index,NASDAQ 100 stocks,XNAS,ORLY
Stocks in Index,NASDAQ 100 stocks,XNAS,PANW
Stocks in Index,NASDAQ 100 stocks,XNAS,PAYX
Stocks in Index,NASDAQ 100 stocks,XNAS,PCAR
Stocks in Index,NASDAQ 100 stocks,XNAS,PEP
Stocks in Index,NASDAQ 100 stocks,XNAS,PLTR
Stocks in Index,NASDAQ 100 stocks,XNAS,PYPL
Stocks in Index,NASDAQ 100 stocks,XNAS,QCOM
Stocks in Index,NASDAQ 100 stocks,XNAS,REGN
Stocks in Index,NASDAQ 100 stocks,XNAS,ROP
Stocks in Index,NASDAQ 100 stocks,XNAS,ROST
Stocks in Index,NASDAQ 100 stocks,XNAS,SBUX
Stocks in Index,NASDAQ 100 stocks,XNAS,SNPS
Stocks in Index,NASDAQ 100 stocks,XNAS,TEAM
Stocks in Index,NASDAQ 100 stocks,XNAS,TMUS
Stocks in Index,NASDAQ 100 stocks,XNAS,TSLA
Stocks in Index,NASDAQ 100 stocks,XNAS,TTD
Stocks in Index,NASDAQ 100 stocks,XNAS,TTWO
Stocks in Index,NASDAQ 100 stocks,XNAS,TXN
Stocks in Index,NASDAQ 100 stocks,XNAS,VRSK
Stocks in Index,NASDAQ 100 stocks,XNAS,VRTX
Stocks in Index,NASDAQ 100 stocks,XNAS,WBD
Stocks in Index,NASDAQ 100 stocks,XNAS,WDAY
Stocks in Index,NASDAQ 100 stocks,XNAS,XEL
Stocks in Index,NASDAQ 100 stocks,XNAS,ZS
GICS Sector Indices,AUS Stock Sectors,XASX,XDJ
GICS Sector Indices,AUS Stock Sectors,XASX,XEJ
GICS Sector Indices,AUS Stock Sectors,XASX,XFJ
GICS Sector Indices,AUS Stock Sectors,XASX,XHJ
GICS Sector Indices,AUS Stock Sectors,XASX,XIJ
GICS Sector Indices,AUS Stock Sectors,XASX,XMJ
GICS Sector Indices,AUS Stock Sectors,XASX,XNJ
GICS Sector Indices,AUS Stock Sectors,XASX,XPJ
GICS Sector Indices,AUS Stock Sectors,XASX,XSJ
GICS Sector Indices,AUS Stock Sectors,XASX,XTJ
GICS Sector Indices,AUS Stock Sectors,XASX,XUJ
